"Data Source","World Development Indicators",

"Last Updated Date","2017-10-30",

"Country Name","Country Code","Indicator Name","Indicator Code","1960","1961","1962","1963","1964","1965","1966","1967","1968","1969","1970","1971","1972","1973","1974","1975","1976","1977","1978","1979","1980","1981","1982","1983","1984","1985","1986","1987","1988","1989","1990","1991","1992","1993","1994","1995","1996","1997","1998","1999","2000","2001","2002","2003","2004","2005","2006","2007","2008","2009","2010","2011","2012","2013","2014","2015","2016",
"Aruba","ABW","Condom use, population ages 15-24, male (% of males ages 15-24)","SH.CON.1524.MA.ZS","","","","","","","","","","","","","","","","","","","","","","","","","","","","","","","","","","","","","","","","","","","","","","","","","","","","","","","","","",
"Afghanistan","AFG","Condom use, population ages 15-24, male (% of males ages 15-24)","SH.CON.1524.MA.ZS","","","","","","","","","","","","","","","","","","","","","","","","","","","","","","","","","","","","","","","","","","","","","","","","","","","","","","","","","",
"Angola","AGO","Condom use, population ages 15-24, male (% of males ages 15-24)","SH.CON.1524.MA.ZS","","","","","","","","","","","","","","","","","","","","","","","","","","","","","","","","","","","","","","","","","","","","","","","","","","","","","","","","","",
"Albania","ALB","Condom use, population ages 15-24, male (% of males ages 15-24)","SH.CON.1524.MA.ZS","","","","","","","","","","","","","","","","","","","","","","","","","","","","","","","","","","","","","","","","","","","","","","","","","","49.8","","","","","","","",
"Andorra","AND","Condom use, population ages 15-24, male (% of males ages 15-24)","SH.CON.1524.MA.ZS","","","","","","","","","","","","","","","","","","","","","","","","","","","","","","","","","","","","","","","","","","","","","","","","","","","","","","","","","",
"Arab World","ARB","Condom use, population ages 15-24, male (% of males ages 15-24)","SH.CON.1524.MA.ZS","","","","","","","","","","","","","","","","","","","","","","","","","","","","","","","","","","","","","","","","","","","","","","","","","","","","","","","","","",
"United Arab Emirates","ARE","Condom use, population ages 15-24, male (% of males ages 15-24)","SH.CON.1524.MA.ZS","","","","","","","","","","","","","","","","","","","","","","","","","","","","","","","","","","","","","","","","","","","","","","","","","","","","","","","","","",
"Argentina","ARG","Condom use, population ages 15-24, male (% of males ages 15-24)","SH.CON.1524.MA.ZS","","","","","","","","","","","","","","","","","","","","","","","","","","","","","","","","","","","","","","","","","","","","","","","","","","","","","","","","","",
"Armenia","ARM","Condom use, population ages 15-24, male (% of males ages 15-24)","SH.CON.1524.MA.ZS","","","","","","","","","","","","","","","","","","","","","","","","","","","","","","","","","","","","","","","","","32","","","","","67.8","","","","","73.6","","","","","","",
"American Samoa","ASM","Condom use, population ages 15-24, male (% of males ages 15-24)","SH.CON.1524.MA.ZS","","","","","","","","","","","","","","","","","","","","","","","","","","","","","","","","","","","","","","","","","","","","","","","","","","","","","","","","","",
"Antigua and Barbuda","ATG","Condom use, population ages 15-24, male (% of males ages 15-24)","SH.CON.1524.MA.ZS","","","","","","","","","","","","","","","","","","","","","","","","","","","","","","","","","","","","","","","","","","","","","","","","","","","","","","","","","",
"Australia","AUS","Condom use, population ages 15-24, male (% of males ages 15-24)","SH.CON.1524.MA.ZS","","","","","","","","","","","","","","","","","","","","","","","","","","","","","","","","","","","","","","","","","","","","","","","","","","","","","","","","","",
"Austria","AUT","Condom use, population ages 15-24, male (% of males ages 15-24)","SH.CON.1524.MA.ZS","","","","","","","","","","","","","","","","","","","","","","","","","","","","","","","","","","","","","","","","","","","","","","","","","","","","","","","","","",
"Azerbaijan","AZE","Condom use, population ages 15-24, male (% of males ages 15-24)","SH.CON.1524.MA.ZS","","","","","","","","","","","","","","","","","","","","","","","","","","","","","","","","","","","","","","","","","","","","","","","24.6","","","","","","","","","","",
"Burundi","BDI","Condom use, population ages 15-24, male (% of males ages 15-24)","SH.CON.1524.MA.ZS","","","","","","","","","","","","","","","","","","","","","","","","","","","","","","","","","","","","","","","","","","","","","","","","","","","13.1","","","","","","",
"Belgium","BEL","Condom use, population ages 15-24, male (% of males ages 15-24)","SH.CON.1524.MA.ZS","","","","","","","","","","","","","","","","","","","","","","","","","","","","","","","","","","","","","","","","","","","","","","","","","","","","","","","","","",
"Benin","BEN","Condom use, population ages 15-24, male (% of males ages 15-24)","SH.CON.1524.MA.ZS","","","","","","","","","","","","","","","","","","","","","","","","","","","","","","","","","","","","","","","","","","31.7","","","","","38.7","","","","","","40.2","","","","",
"Burkina Faso","BFA","Condom use, population ages 15-24, male (% of males ages 15-24)","SH.CON.1524.MA.ZS","","","","","","","","","","","","","","","","","","","","","","","","","","","","","","","","","","","","","","","","45.6","","","","53.9","","","","","","","57.7","","","","","","",
"Bangladesh","BGD","Condom use, population ages 15-24, male (% of males ages 15-24)","SH.CON.1524.MA.ZS","","","","","","","","","","","","","","","","","","","","","","","","","","","","","","","","","","","","","","","","","","","","","","","","","","","","","","","","","",
"Bulgaria","BGR","Condom use, population ages 15-24, male (% of males ages 15-24)","SH.CON.1524.MA.ZS","","","","","","","","","","","","","","","","","","","","","","","","","","","","","","","","","","","","","","","","","","","","","","","","","","","","","","","","","",
"Bahrain","BHR","Condom use, population ages 15-24, male (% of males ages 15-24)","SH.CON.1524.MA.ZS","","","","","","","","","","","","","","","","","","","","","","","","","","","","","","","","","","","","","","","","","","","","","","","","","","","","","","","","","",
"Bahamas, The","BHS","Condom use, population ages 15-24, male (% of males ages 15-24)","SH.CON.1524.MA.ZS","","","","","","","","","","","","","","","","","","","","","","","","","","","","","","","","","","","","","","","","","","","","","","","","","","","","","","","","","",
"Bosnia and Herzegovina","BIH","Condom use, population ages 15-24, male (% of males ages 15-24)","SH.CON.1524.MA.ZS","","","","","","","","","","","","","","","","","","","","","","","","","","","","","","","","","","","","","","","","","","","","","","","","","","","","","","","","","",
"Belarus","BLR","Condom use, population ages 15-24, male (% of males ages 15-24)","SH.CON.1524.MA.ZS","","","","","","","","","","","","","","","","","","","","","","","","","","","","","","","","","","","","","","","","","","","","","","","","","","","","","","","","","",
"Belize","BLZ","Condom use, population ages 15-24, male (% of males ages 15-24)","SH.CON.1524.MA.ZS","","","","","","","","","","","","","","","","","","","","","","","","","","","","","","","","","","","","","","","","","","","","","","","","","","","","","","","","","",
"Bermuda","BMU","Condom use, population ages 15-24, male (% of males ages 15-24)","SH.CON.1524.MA.ZS","","","","","","","","","","","","","","","","","","","","","","","","","","","","","","","","","","","","","","","","","","","","","","","","","","","","","","","","","",
"Bolivia","BOL","Condom use, population ages 15-24, male (% of males ages 15-24)","SH.CON.1524.MA.ZS","","","","","","","","","","","","","","","","","","","","","","","","","","","","","","","","","","","","","","","30.4","","","","","28.7","","","","","35.2","","","","","","","","",
"Brazil","BRA","Condom use, population ages 15-24, male (% of males ages 15-24)","SH.CON.1524.MA.ZS","","","","","","","","","","","","","","","","","","","","","","","","","","","","","","","","","","","","","50.8","","","","","","","","","","","","","","","","","","","","",
"Barbados","BRB","Condom use, population ages 15-24, male (% of males ages 15-24)","SH.CON.1524.MA.ZS","","","","","","","","","","","","","","","","","","","","","","","","","","","","","","","","","","","","","","","","","","","","","","","","","","","","","","","","","",
"Brunei Darussalam","BRN","Condom use, population ages 15-24, male (% of males ages 15-24)","SH.CON.1524.MA.ZS","","","","","","","","","","","","","","","","","","","","","","","","","","","","","","","","","","","","","","","","","","","","","","","","","","","","","","","","","",
"Bhutan","BTN","Condom use, population ages 15-24, male (% of males ages 15-24)","SH.CON.1524.MA.ZS","","","","","","","","","","","","","","","","","","","","","","","","","","","","","","","","","","","","","","","","","","","","","","","","","","","","","","","","","",
"Botswana","BWA","Condom use, population ages 15-24, male (% of males ages 15-24)","SH.CON.1524.MA.ZS","","","","","","","","","","","","","","","","","","","","","","","","","","","","","","","","","","","","","","","","","","","","","","","","","","","","","","","","","",
"Central African Republic","CAF","Condom use, population ages 15-24, male (% of males ages 15-24)","SH.CON.1524.MA.ZS","","","","","","","","","","","","","","","","","","","","","","","","","","","","","","","","","","","","","","","","","","","","","","","","","","","","","","","","","",
"Canada","CAN","Condom use, population ages 15-24, male (% of males ages 15-24)","SH.CON.1524.MA.ZS","","","","","","","","","","","","","","","","","","","","","","","","","","","","","","","","","","","","","","","","","","","","","","","","","","","","","","","","","",
"Central Europe and the Baltics","CEB","Condom use, population ages 15-24, male (% of males ages 15-24)","SH.CON.1524.MA.ZS","","","","","","","","","","","","","","","","","","","","","","","","","","","","","","","","","","","","","","","","","","","","","","","","","","","","","","","","","",
"Switzerland","CHE","Condom use, population ages 15-24, male (% of males ages 15-24)","SH.CON.1524.MA.ZS","","","","","","","","","","","","","","","","","","","","","","","","","","","","","","","","","","","","","","","","","","","","","","","","","","","","","","","","","",
"Channel Islands","CHI","Condom use, population ages 15-24, male (% of males ages 15-24)","SH.CON.1524.MA.ZS","","","","","","","","","","","","","","","","","","","","","","","","","","","","","","","","","","","","","","","","","","","","","","","","","","","","","","","","","",
"Chile","CHL","Condom use, population ages 15-24, male (% of males ages 15-24)","SH.CON.1524.MA.ZS","","","","","","","","","","","","","","","","","","","","","","","","","","","","","","","","","","","","","","","","","","","","","","","","","","","","","","","","","",
"China","CHN","Condom use, population ages 15-24, male (% of males ages 15-24)","SH.CON.1524.MA.ZS","","","","","","","","","","","","","","","","","","","","","","","","","","","","","","","","","","","","","","","","","","","","","","","","","","","","","","","","","",
"Cote d'Ivoire","CIV","Condom use, population ages 15-24, male (% of males ages 15-24)","SH.CON.1524.MA.ZS","","","","","","","","","","","","","","","","","","","","","","","","","","","","","","","","","","","41.1","","","","","","","","","","","49.1","","","","","","","55.1","","","","",
"Cameroon","CMR","Condom use, population ages 15-24, male (% of males ages 15-24)","SH.CON.1524.MA.ZS","","","","","","","","","","","","","","","","","","","","","","","","","","","","","","","","","","","","","","","26.8","","","","","","51.9","","","","","","","64.1","","","","","",
"Congo, Dem. Rep.","COD","Condom use, population ages 15-24, male (% of males ages 15-24)","SH.CON.1524.MA.ZS","","","","","","","","","","","","","","","","","","","","","","","","","","","","","","","","","","","","","","","","","","","","","","","","20.3","","","","","","","24.3","","",
"Congo, Rep.","COG","Condom use, population ages 15-24, male (% of males ages 15-24)","SH.CON.1524.MA.ZS","","","","","","","","","","","","","","","","","","","","","","","","","","","","","","","","","","","","","","","","","","","","","","35.7","","","","39.8","","","51.1","","","","",
"Colombia","COL","Condom use, population ages 15-24, male (% of males ages 15-24)","SH.CON.1524.MA.ZS","","","","","","","","","","","","","","","","","","","","","","","","","","","","","","","","","","","","","","","","","","","","","","","","","","","","","","","","","",
"Comoros","COM","Condom use, population ages 15-24, male (% of males ages 15-24)","SH.CON.1524.MA.ZS","","","","","","","","","","","","","","","","","","","","","","","","","","","","","","","","","","","","","","","","","","","","","","","","","","","","","54","","","","",
"Cabo Verde","CPV","Condom use, population ages 15-24, male (% of males ages 15-24)","SH.CON.1524.MA.ZS","","","","","","","","","","","","","","","","","","","","","","","","","","","","","","","","","","","","","","","","","","","","","","","","","","","","","","","","","",
"Costa Rica","CRI","Condom use, population ages 15-24, male (% of males ages 15-24)","SH.CON.1524.MA.ZS","","","","","","","","","","","","","","","","","","","","","","","","","","","","","","","","","","","","","","","","","","","","","","","","","","","","","","","","","",
"Caribbean small states","CSS","Condom use, population ages 15-24, male (% of males ages 15-24)","SH.CON.1524.MA.ZS","","","","","","","","","","","","","","","","","","","","","","","","","","","","","","","","","","","","","","","","","","","","","","","","","","","","","","","","","",
"Cuba","CUB","Condom use, population ages 15-24, male (% of males ages 15-24)","SH.CON.1524.MA.ZS","","","","","","","","","","","","","","","","","","","","","","","","","","","","","","","","","","","","","","","","","","","","","","","","","","","","","","","","","",
"Curacao","CUW","Condom use, population ages 15-24, male (% of males ages 15-24)","SH.CON.1524.MA.ZS","","","","","","","","","","","","","","","","","","","","","","","","","","","","","","","","","","","","","","","","","","","","","","","","","","","","","","","","","",
"Cayman Islands","CYM","Condom use, population ages 15-24, male (% of males ages 15-24)","SH.CON.1524.MA.ZS","","","","","","","","","","","","","","","","","","","","","","","","","","","","","","","","","","","","","","","","","","","","","","","","","","","","","","","","","",
"Cyprus","CYP","Condom use, population ages 15-24, male (% of males ages 15-24)","SH.CON.1524.MA.ZS","","","","","","","","","","","","","","","","","","","","","","","","","","","","","","","","","","","","","","","","","","","","","","","","","","","","","","","","","",
"Czech Republic","CZE","Condom use, population ages 15-24, male (% of males ages 15-24)","SH.CON.1524.MA.ZS","","","","","","","","","","","","","","","","","","","","","","","","","","","","","","","","","","","","","","","","","","","","","","","","","","","","","","","","","",
"Germany","DEU","Condom use, population ages 15-24, male (% of males ages 15-24)","SH.CON.1524.MA.ZS","","","","","","","","","","","","","","","","","","","","","","","","","","","","","","","","","","","","","","","","","","","","","","","","","","","","","","","","","",
"Djibouti","DJI","Condom use, population ages 15-24, male (% of males ages 15-24)","SH.CON.1524.MA.ZS","","","","","","","","","","","","","","","","","","","","","","","","","","","","","","","","","","","","","","","","","","","","","","","","","","","","","","","","","",
"Dominica","DMA","Condom use, population ages 15-24, male (% of males ages 15-24)","SH.CON.1524.MA.ZS","","","","","","","","","","","","","","","","","","","","","","","","","","","","","","","","","","","","","","","","","","","","","","","","","","","","","","","","","",
"Denmark","DNK","Condom use, population ages 15-24, male (% of males ages 15-24)","SH.CON.1524.MA.ZS","","","","","","","","","","","","","","","","","","","","","","","","","","","","","","","","","","","","","","","","","","","","","","","","","","","","","","","","","",
"Dominican Republic","DOM","Condom use, population ages 15-24, male (% of males ages 15-24)","SH.CON.1524.MA.ZS","","","","","","","","","","","","","","","","","","","","","","","","","","","","","","","","","","","","","38.6","","","","","","40","","","","","58","","","","","","57.7","","","",
"Algeria","DZA","Condom use, population ages 15-24, male (% of males ages 15-24)","SH.CON.1524.MA.ZS","","","","","","","","","","","","","","","","","","","","","","","","","","","","","","","","","","","","","","","","","","","","","","","","","","","","","","","","","",
"East Asia & Pacific (excluding high income)","EAP","Condom use, population ages 15-24, male (% of males ages 15-24)","SH.CON.1524.MA.ZS","","","","","","","","","","","","","","","","","","","","","","","","","","","","","","","","","","","","","","","","","","","","","","","","","","","","","","","","","",
"Early-demographic dividend","EAR","Condom use, population ages 15-24, male (% of males ages 15-24)","SH.CON.1524.MA.ZS","","","","","","","","","","","","","","","","","","","","","","","","","","","","","","","","","","","","","","","","","","","","","","","","","","","","","","","","","",
"East Asia & Pacific","EAS","Condom use, population ages 15-24, male (% of males ages 15-24)","SH.CON.1524.MA.ZS","","","","","","","","","","","","","","","","","","","","","","","","","","","","","","","","","","","","","","","","","","","","","","","","","","","","","","","","","",
"Europe & Central Asia (excluding high income)","ECA","Condom use, population ages 15-24, male (% of males ages 15-24)","SH.CON.1524.MA.ZS","","","","","","","","","","","","","","","","","","","","","","","","","","","","","","","","","","","","","","","","","","","","","","","","","","","","","","","","","",
"Europe & Central Asia","ECS","Condom use, population ages 15-24, male (% of males ages 15-24)","SH.CON.1524.MA.ZS","","","","","","","","","","","","","","","","","","","","","","","","","","","","","","","","","","","","","","","","","","","","","","","","","","","","","","","","","",
"Ecuador","ECU","Condom use, population ages 15-24, male (% of males ages 15-24)","SH.CON.1524.MA.ZS","","","","","","","","","","","","","","","","","","","","","","","","","","","","","","","","","","","","","","","","","","","","","","","","","","","","","","","","","",
"Egypt, Arab Rep.","EGY","Condom use, population ages 15-24, male (% of males ages 15-24)","SH.CON.1524.MA.ZS","","","","","","","","","","","","","","","","","","","","","","","","","","","","","","","","","","","","","","","","","","","","","","","","","","","","","","","","","",
"Euro area","EMU","Condom use, population ages 15-24, male (% of males ages 15-24)","SH.CON.1524.MA.ZS","","","","","","","","","","","","","","","","","","","","","","","","","","","","","","","","","","","","","","","","","","","","","","","","","","","","","","","","","",
"Eritrea","ERI","Condom use, population ages 15-24, male (% of males ages 15-24)","SH.CON.1524.MA.ZS","","","","","","","","","","","","","","","","","","","","","","","","","","","","","","","","","","","","35.9","","","","","","","","","","","","","","","","","","","","","",
"Spain","ESP","Condom use, population ages 15-24, male (% of males ages 15-24)","SH.CON.1524.MA.ZS","","","","","","","","","","","","","","","","","","","","","","","","","","","","","","","","","","","","","","","","","","","","","","","","","","","","","","","","","",
"Estonia","EST","Condom use, population ages 15-24, male (% of males ages 15-24)","SH.CON.1524.MA.ZS","","","","","","","","","","","","","","","","","","","","","","","","","","","","","","","","","","","","","","","","","","","","","","","","","","","","","","","","","",
"Ethiopia","ETH","Condom use, population ages 15-24, male (% of males ages 15-24)","SH.CON.1524.MA.ZS","","","","","","","","","","","","","","","","","","","","","","","","","","","","","","","","","","","","","","","","","19.5","","","","","17.6","","","","","","25.1","","","","","",
"European Union","EUU","Condom use, population ages 15-24, male (% of males ages 15-24)","SH.CON.1524.MA.ZS","","","","","","","","","","","","","","","","","","","","","","","","","","","","","","","","","","","","","","","","","","","","","","","","","","","","","","","","","",
"Fragile and conflict affected situations","FCS","Condom use, population ages 15-24, male (% of males ages 15-24)","SH.CON.1524.MA.ZS","","","","","","","","","","","","","","","","","","","","","","","","","","","","","","","","","","","","","","","","","","","","","","","","","","","","","","","","","",
"Finland","FIN","Condom use, population ages 15-24, male (% of males ages 15-24)","SH.CON.1524.MA.ZS","","","","","","","","","","","","","","","","","","","","","","","","","","","","","","","","","","","","","","","","","","","","","","","","","","","","","","","","","",
"Fiji","FJI","Condom use, population ages 15-24, male (% of males ages 15-24)","SH.CON.1524.MA.ZS","","","","","","","","","","","","","","","","","","","","","","","","","","","","","","","","","","","","","","","","","","","","","","","","","","","","","","","","","",
"France","FRA","Condom use, population ages 15-24, male (% of males ages 15-24)","SH.CON.1524.MA.ZS","","","","","","","","","","","","","","","","","","","","","","","","","","","","","","","","","","","","","","","","","","","","","","","","","","","","","","","","","",
"Faroe Islands","FRO","Condom use, population ages 15-24, male (% of males ages 15-24)","SH.CON.1524.MA.ZS","","","","","","","","","","","","","","","","","","","","","","","","","","","","","","","","","","","","","","","","","","","","","","","","","","","","","","","","","",
"Micronesia, Fed. Sts.","FSM","Condom use, population ages 15-24, male (% of males ages 15-24)","SH.CON.1524.MA.ZS","","","","","","","","","","","","","","","","","","","","","","","","","","","","","","","","","","","","","","","","","","","","","","","","","","","","","","","","","",
"Gabon","GAB","Condom use, population ages 15-24, male (% of males ages 15-24)","SH.CON.1524.MA.ZS","","","","","","","","","","","","","","","","","","","","","","","","","","","","","","","","","","","","","","","","","","","","","","","","","","","","","73.7","","","","",
"United Kingdom","GBR","Condom use, population ages 15-24, male (% of males ages 15-24)","SH.CON.1524.MA.ZS","","","","","","","","","","","","","","","","","","","","","","","","","","","","","","","","","","","","","","","","","","","","","","","","","","","","","","","","","",
"Georgia","GEO","Condom use, population ages 15-24, male (% of males ages 15-24)","SH.CON.1524.MA.ZS","","","","","","","","","","","","","","","","","","","","","","","","","","","","","","","","","","","","","","","","","","","","","","","","","","","","","","","","","",
"Ghana","GHA","Condom use, population ages 15-24, male (% of males ages 15-24)","SH.CON.1524.MA.ZS","","","","","","","","","","","","","","","","","","","","","","","","","","","","","","","","","","","","","","","30.6","","","","","44.5","","","","","40.1","","","","","","","","",
"Gibraltar","GIB","Condom use, population ages 15-24, male (% of males ages 15-24)","SH.CON.1524.MA.ZS","","","","","","","","","","","","","","","","","","","","","","","","","","","","","","","","","","","","","","","","","","","","","","","","","","","","","","","","","",
"Guinea","GIN","Condom use, population ages 15-24, male (% of males ages 15-24)","SH.CON.1524.MA.ZS","","","","","","","","","","","","","","","","","","","","","","","","","","","","","","","","","","","","","","","","28.3","","","","","","34.6","","","","","","","45.6","","","","",
"Gambia, The","GMB","Condom use, population ages 15-24, male (% of males ages 15-24)","SH.CON.1524.MA.ZS","","","","","","","","","","","","","","","","","","","","","","","","","","","","","","","","","","","","","","","","","","","","","","","","","","","","","","51.6","","","",
"Guinea-Bissau","GNB","Condom use, population ages 15-24, male (% of males ages 15-24)","SH.CON.1524.MA.ZS","","","","","","","","","","","","","","","","","","","","","","","","","","","","","","","","","","","","","","","","","","","","","","","","","","","","","","","62.4","","",
"Equatorial Guinea","GNQ","Condom use, population ages 15-24, male (% of males ages 15-24)","SH.CON.1524.MA.ZS","","","","","","","","","","","","","","","","","","","","","","","","","","","","","","","","","","","","","","","","","","","","","","","","","","","","","","","","","",
"Greece","GRC","Condom use, population ages 15-24, male (% of males ages 15-24)","SH.CON.1524.MA.ZS","","","","","","","","","","","","","","","","","","","","","","","","","","","","","","","","","","","","","","","","","","","","","","","","","","","","","","","","","",
"Grenada","GRD","Condom use, population ages 15-24, male (% of males ages 15-24)","SH.CON.1524.MA.ZS","","","","","","","","","","","","","","","","","","","","","","","","","","","","","","","","","","","","","","","","","","","","","","68.5","","","","","","","","","","","",
"Greenland","GRL","Condom use, population ages 15-24, male (% of males ages 15-24)","SH.CON.1524.MA.ZS","","","","","","","","","","","","","","","","","","","","","","","","","","","","","","","","","","","","","","","","","","","","","","","","","","","","","","","","","",
"Guatemala","GTM","Condom use, population ages 15-24, male (% of males ages 15-24)","SH.CON.1524.MA.ZS","","","","","","","","","","","","","","","","","","","","","","","","","","","","","","","","","","","","","","","","","","","","","","","","","","","","","","","","","",
"Guam","GUM","Condom use, population ages 15-24, male (% of males ages 15-24)","SH.CON.1524.MA.ZS","","","","","","","","","","","","","","","","","","","","","","","","","","","","","","","","","","","","","","","","","","","","","","","","","","","","","","","","","",
"Guyana","GUY","Condom use, population ages 15-24, male (% of males ages 15-24)","SH.CON.1524.MA.ZS","","","","","","","","","","","","","","","","","","","","","","","","","","","","","","","","","","","","","","","","","","","","","","","","","","62.3","","","","","77","","",
"High income","HIC","Condom use, population ages 15-24, male (% of males ages 15-24)","SH.CON.1524.MA.ZS","","","","","","","","","","","","","","","","","","","","","","","","","","","","","","","","","","","","","","","","","","","","","","","","","","","","","","","","","",
"Hong Kong SAR, China","HKG","Condom use, population ages 15-24, male (% of males ages 15-24)","SH.CON.1524.MA.ZS","","","","","","","","","","","","","","","","","","","","","","","","","","","","","","","","","","","","","","","","","","","","","","","","","","","","","","","","","",
"Honduras","HND","Condom use, population ages 15-24, male (% of males ages 15-24)","SH.CON.1524.MA.ZS","","","","","","","","","","","","","","","","","","","","","","","","","","","","","","","","","","","","","","","","","","","","","","","","","","","","","50.3","","","","",
"Heavily indebted poor countries (HIPC)","HPC","Condom use, population ages 15-24, male (% of males ages 15-24)","SH.CON.1524.MA.ZS","","","","","","","","","","","","","","","","","","","","","","","","","","","","","","","","","","","","","","","","","","","","","","","","","","","","","36.3979035506715","","","","",
"Croatia","HRV","Condom use, population ages 15-24, male (% of males ages 15-24)","SH.CON.1524.MA.ZS","","","","","","","","","","","","","","","","","","","","","","","","","","","","","","","","","","","","","","","","","","","","","","","","","","","","","","","","","",
"Haiti","HTI","Condom use, population ages 15-24, male (% of males ages 15-24)","SH.CON.1524.MA.ZS","","","","","","","","","","","","","","","","","","","","","","","","","","","","","","","","","","","","","","","","","27.6","","","","","","41.2","","","","","","60.7","","","","",
"Hungary","HUN","Condom use, population ages 15-24, male (% of males ages 15-24)","SH.CON.1524.MA.ZS","","","","","","","","","","","","","","","","","","","","","","","","","","","","","","","","","","","","","","","","","","","","","","","","","","","","","","","","","",
"IBRD only","IBD","Condom use, population ages 15-24, male (% of males ages 15-24)","SH.CON.1524.MA.ZS","","","","","","","","","","","","","","","","","","","","","","","","","","","","","","","","","","","","","","","","","","","","","","","","","","","","","","","","","",
"IDA & IBRD total","IBT","Condom use, population ages 15-24, male (% of males ages 15-24)","SH.CON.1524.MA.ZS","","","","","","","","","","","","","","","","","","","","","","","","","","","","","","","","","","","","","","","","","","","","","","","","","","","","","","","","","",
"IDA total","IDA","Condom use, population ages 15-24, male (% of males ages 15-24)","SH.CON.1524.MA.ZS","","","","","","","","","","","","","","","","","","","","","","","","","","","","","","","","","","","","","","","","","","","","","","","","","","","","","","","","","",
"IDA blend","IDB","Condom use, population ages 15-24, male (% of males ages 15-24)","SH.CON.1524.MA.ZS","","","","","","","","","","","","","","","","","","","","","","","","","","","","","","","","","","","","","","","","","","","","","","","","","","","","","","","","","",
"Indonesia","IDN","Condom use, population ages 15-24, male (% of males ages 15-24)","SH.CON.1524.MA.ZS","","","","","","","","","","","","","","","","","","","","","","","","","","","","","","","","","","","","","","","","","","","","","","","","","","","","","","","","","",
"IDA only","IDX","Condom use, population ages 15-24, male (% of males ages 15-24)","SH.CON.1524.MA.ZS","","","","","","","","","","","","","","","","","","","","","","","","","","","","","","","","","","","","","","","","","","","","","","","","","","","","","","","","","",
"Isle of Man","IMN","Condom use, population ages 15-24, male (% of males ages 15-24)","SH.CON.1524.MA.ZS","","","","","","","","","","","","","","","","","","","","","","","","","","","","","","","","","","","","","","","","","","","","","","","","","","","","","","","","","",
"India","IND","Condom use, population ages 15-24, male (% of males ages 15-24)","SH.CON.1524.MA.ZS","","","","","","","","","","","","","","","","","","","","","","","","","","","","","","","","","","","","","","","","","","","","","","","14.6","","","","","","","","","","",
"Not classified","INX","Condom use, population ages 15-24, male (% of males ages 15-24)","SH.CON.1524.MA.ZS","","","","","","","","","","","","","","","","","","","","","","","","","","","","","","","","","","","","","","","","","","","","","","","","","","","","","","","","","",
"Ireland","IRL","Condom use, population ages 15-24, male (% of males ages 15-24)","SH.CON.1524.MA.ZS","","","","","","","","","","","","","","","","","","","","","","","","","","","","","","","","","","","","","","","","","","","","","","","","","","","","","","","","","",
"Iran, Islamic Rep.","IRN","Condom use, population ages 15-24, male (% of males ages 15-24)","SH.CON.1524.MA.ZS","","","","","","","","","","","","","","","","","","","","","","","","","","","","","","","","","","","","","","","","","","","","","","","","","","","","","","","","","",
"Iraq","IRQ","Condom use, population ages 15-24, male (% of males ages 15-24)","SH.CON.1524.MA.ZS","","","","","","","","","","","","","","","","","","","","","","","","","","","","","","","","","","","","","","","","","","","","","","","","","","","","","","","","","",
"Iceland","ISL","Condom use, population ages 15-24, male (% of males ages 15-24)","SH.CON.1524.MA.ZS","","","","","","","","","","","","","","","","","","","","","","","","","","","","","","","","","","","","","","","","","","","","","","","","","","","","","","","","","",
"Israel","ISR","Condom use, population ages 15-24, male (% of males ages 15-24)","SH.CON.1524.MA.ZS","","","","","","","","","","","","","","","","","","","","","","","","","","","","","","","","","","","","","","","","","","","","","","","","","","","","","","","","","",
"Italy","ITA","Condom use, population ages 15-24, male (% of males ages 15-24)","SH.CON.1524.MA.ZS","","","","","","","","","","","","","","","","","","","","","","","","","","","","","","","","","","","","","","","","","","","","","","","","","","","","","","","","","",
"Jamaica","JAM","Condom use, population ages 15-24, male (% of males ages 15-24)","SH.CON.1524.MA.ZS","","","","","","","","","","","","","","","","","","","","","","","","","","","","","","","","","","","","","","","","","","","","","74","","","","","","","","","","","","",
"Jordan","JOR","Condom use, population ages 15-24, male (% of males ages 15-24)","SH.CON.1524.MA.ZS","","","","","","","","","","","","","","","","","","","","","","","","","","","","","","","","","","","","","","","","","","","","","","","","","","","","","","","","","",
"Japan","JPN","Condom use, population ages 15-24, male (% of males ages 15-24)","SH.CON.1524.MA.ZS","","","","","","","","","","","","","","","","","","","","","","","","","","","","","","","","","","","","","","","","","","","","","","","","","","","","","","","","","",
"Kazakhstan","KAZ","Condom use, population ages 15-24, male (% of males ages 15-24)","SH.CON.1524.MA.ZS","","","","","","","","","","","","","","","","","","","","","","","","","","","","","","","","","","","","","","","","50.4","","","","","","","","","","","","","","","","","",
"Kenya","KEN","Condom use, population ages 15-24, male (% of males ages 15-24)","SH.CON.1524.MA.ZS","","","","","","","","","","","","","","","","","","","","","","","","","","","","","","","","","","","","","","","39.1","","","","","39.4","","","","","","56.2","","","","","","","",
"Kyrgyz Republic","KGZ","Condom use, population ages 15-24, male (% of males ages 15-24)","SH.CON.1524.MA.ZS","","","","","","","","","","","","","","","","","","","","","","","","","","","","","","","","","","","","","","","","","","","","","","","","","","","","","63.8","","","","",
"Cambodia","KHM","Condom use, population ages 15-24, male (% of males ages 15-24)","SH.CON.1524.MA.ZS","","","","","","","","","","","","","","","","","","","","","","","","","","","","","","","","","","","","","","","","","","","","","","30.8","","","","","26.4","","","","","","",
"Kiribati","KIR","Condom use, population ages 15-24, male (% of males ages 15-24)","SH.CON.1524.MA.ZS","","","","","","","","","","","","","","","","","","","","","","","","","","","","","","","","","","","","","","","","","","","","","","","","","","","","","","","","","",
"St. Kitts and Nevis","KNA","Condom use, population ages 15-24, male (% of males ages 15-24)","SH.CON.1524.MA.ZS","","","","","","","","","","","","","","","","","","","","","","","","","","","","","","","","","","","","","","","","","","","","","","","","73.7","","","","","","","","","",
"Korea, Rep.","KOR","Condom use, population ages 15-24, male (% of males ages 15-24)","SH.CON.1524.MA.ZS","","","","","","","","","","","","","","","","","","","","","","","","","","","","","","","","","","","","","","","","","","","","","","","","","","","","","","","","","",
"Kuwait","KWT","Condom use, population ages 15-24, male (% of males ages 15-24)","SH.CON.1524.MA.ZS","","","","","","","","","","","","","","","","","","","","","","","","","","","","","","","","","","","","","","","","","","","","","","","","","","","","","","","","","",
"Latin America & Caribbean (excluding high income)","LAC","Condom use, population ages 15-24, male (% of males ages 15-24)","SH.CON.1524.MA.ZS","","","","","","","","","","","","","","","","","","","","","","","","","","","","","","","","","","","","","","","","","","","","","","","","","","","","","","","","","",
"Lao PDR","LAO","Condom use, population ages 15-24, male (% of males ages 15-24)","SH.CON.1524.MA.ZS","","","","","","","","","","","","","","","","","","","","","","","","","","","","","","","","","","","","","","","","","","","","","","","","","","","","","","","","","",
"Lebanon","LBN","Condom use, population ages 15-24, male (% of males ages 15-24)","SH.CON.1524.MA.ZS","","","","","","","","","","","","","","","","","","","","","","","","","","","","","","","","","","","","","","","","","","","","","","","","","","","","","","","","","",
"Liberia","LBR","Condom use, population ages 15-24, male (% of males ages 15-24)","SH.CON.1524.MA.ZS","","","","","","","","","","","","","","","","","","","","","","","","","","","","","","","","","","","","","","","","","","","","","","","","18.6","","","","","","39.3","","","",
"Libya","LBY","Condom use, population ages 15-24, male (% of males ages 15-24)","SH.CON.1524.MA.ZS","","","","","","","","","","","","","","","","","","","","","","","","","","","","","","","","","","","","","","","","","","","","","","","","","","","","","","","","","",
"St. Lucia","LCA","Condom use, population ages 15-24, male (% of males ages 15-24)","SH.CON.1524.MA.ZS","","","","","","","","","","","","","","","","","","","","","","","","","","","","","","","","","","","","","","","","","","","","","","","","","","","","","","","","","",
"Latin America & Caribbean","LCN","Condom use, population ages 15-24, male (% of males ages 15-24)","SH.CON.1524.MA.ZS","","","","","","","","","","","","","","","","","","","","","","","","","","","","","","","","","","","","","","","","","","","","","","","","","","","","","","","","","",
"Least developed countries: UN classification","LDC","Condom use, population ages 15-24, male (% of males ages 15-24)","SH.CON.1524.MA.ZS","","","","","","","","","","","","","","","","","","","","","","","","","","","","","","","","","","","","","","","","","","","","","","","","","","","","","","","","","",
"Low income","LIC","Condom use, population ages 15-24, male (% of males ages 15-24)","SH.CON.1524.MA.ZS","","","","","","","","","","","","","","","","","","","","","","","","","","","","","","","","","","","","","","","","","","","","","","","","","","","","","34.4468209783008","","","","",
"Liechtenstein","LIE","Condom use, population ages 15-24, male (% of males ages 15-24)","SH.CON.1524.MA.ZS","","","","","","","","","","","","","","","","","","","","","","","","","","","","","","","","","","","","","","","","","","","","","","","","","","","","","","","","","",
"Sri Lanka","LKA","Condom use, population ages 15-24, male (% of males ages 15-24)","SH.CON.1524.MA.ZS","","","","","","","","","","","","","","","","","","","","","","","","","","","","","","","","","","","","","","","","","","","","","","","","","","","","","","","","","",
"Lower middle income","LMC","Condom use, population ages 15-24, male (% of males ages 15-24)","SH.CON.1524.MA.ZS","","","","","","","","","","","","","","","","","","","","","","","","","","","","","","","","","","","","","","","","","","","","","","","","","","","","","","","","","",
"Low & middle income","LMY","Condom use, population ages 15-24, male (% of males ages 15-24)","SH.CON.1524.MA.ZS","","","","","","","","","","","","","","","","","","","","","","","","","","","","","","","","","","","","","","","","","","","","","","","","","","","","","","","","","",
"Lesotho","LSO","Condom use, population ages 15-24, male (% of males ages 15-24)","SH.CON.1524.MA.ZS","","","","","","","","","","","","","","","","","","","","","","","","","","","","","","","","","","","","","","","","","","","","","44.3","","","","","59.9","","","","","","","",
"Late-demographic dividend","LTE","Condom use, population ages 15-24, male (% of males ages 15-24)","SH.CON.1524.MA.ZS","","","","","","","","","","","","","","","","","","","","","","","","","","","","","","","","","","","","","","","","","","","","","","","","","","","","","","","","","",
"Lithuania","LTU","Condom use, population ages 15-24, male (% of males ages 15-24)","SH.CON.1524.MA.ZS","","","","","","","","","","","","","","","","","","","","","","","","","","","","","","","","","","","","","","","","","","","","","","","","","","","","","","","","","",
"Luxembourg","LUX","Condom use, population ages 15-24, male (% of males ages 15-24)","SH.CON.1524.MA.ZS","","","","","","","","","","","","","","","","","","","","","","","","","","","","","","","","","","","","","","","","","","","","","","","","","","","","","","","","","",
"Latvia","LVA","Condom use, population ages 15-24, male (% of males ages 15-24)","SH.CON.1524.MA.ZS","","","","","","","","","","","","","","","","","","","","","","","","","","","","","","","","","","","","","","","","","","","","","","","","","","","","","","","","","",
"Macao SAR, China","MAC","Condom use, population ages 15-24, male (% of males ages 15-24)","SH.CON.1524.MA.ZS","","","","","","","","","","","","","","","","","","","","","","","","","","","","","","","","","","","","","","","","","","","","","","","","","","","","","","","","","",
"St. Martin (French part)","MAF","Condom use, population ages 15-24, male (% of males ages 15-24)","SH.CON.1524.MA.ZS","","","","","","","","","","","","","","","","","","","","","","","","","","","","","","","","","","","","","","","","","","","","","","","","","","","","","","","","","",
"Morocco","MAR","Condom use, population ages 15-24, male (% of males ages 15-24)","SH.CON.1524.MA.ZS","","","","","","","","","","","","","","","","","","","","","","","","","","","","","","","","","","","","","","","","","","","","","","","","","","","","","","","","","",
"Monaco","MCO","Condom use, population ages 15-24, male (% of males ages 15-24)","SH.CON.1524.MA.ZS","","","","","","","","","","","","","","","","","","","","","","","","","","","","","","","","","","","","","","","","","","","","","","","","","","","","","","","","","",
"Moldova","MDA","Condom use, population ages 15-24, male (% of males ages 15-24)","SH.CON.1524.MA.ZS","","","","","","","","","","","","","","","","","","","","","","","","","","","","","","","","","","","","","","","","","","","","","","54.5","","","","","","","","","","","",
"Madagascar","MDG","Condom use, population ages 15-24, male (% of males ages 15-24)","SH.CON.1524.MA.ZS","","","","","","","","","","","","","","","","","","","","","","","","","","","","","","","","","","","","","","","","","","","","","8.4","","","","","7.5","","","","","","","",
"Maldives","MDV","Condom use, population ages 15-24, male (% of males ages 15-24)","SH.CON.1524.MA.ZS","","","","","","","","","","","","","","","","","","","","","","","","","","","","","","","","","","","","","","","","","","","","","","","","","","","","","","","","","",
"Middle East & North Africa","MEA","Condom use, population ages 15-24, male (% of males ages 15-24)","SH.CON.1524.MA.ZS","","","","","","","","","","","","","","","","","","","","","","","","","","","","","","","","","","","","","","","","","","","","","","","","","","","","","","","","","",
"Mexico","MEX","Condom use, population ages 15-24, male (% of males ages 15-24)","SH.CON.1524.MA.ZS","","","","","","","","","","","","","","","","","","","","","","","","","","","","","","","","","","","","","","","","","","","","","","","","","","","","","","","","","",
"Marshall Islands","MHL","Condom use, population ages 15-24, male (% of males ages 15-24)","SH.CON.1524.MA.ZS","","","","","","","","","","","","","","","","","","","","","","","","","","","","","","","","","","","","","","","","","","","","","","","","","","","","","","","","","",
"Middle income","MIC","Condom use, population ages 15-24, male (% of males ages 15-24)","SH.CON.1524.MA.ZS","","","","","","","","","","","","","","","","","","","","","","","","","","","","","","","","","","","","","","","","","","","","","","","","","","","","","","","","","",
"Macedonia, FYR","MKD","Condom use, population ages 15-24, male (% of males ages 15-24)","SH.CON.1524.MA.ZS","","","","","","","","","","","","","","","","","","","","","","","","","","","","","","","","","","","","","","","","","","","","","","","","","","","","","","","","","",
"Mali","MLI","Condom use, population ages 15-24, male (% of males ages 15-24)","SH.CON.1524.MA.ZS","","","","","","","","","","","","","","","","","","","","","","","","","","","","","","","","","","","","","26.3","","","","","25.9","","","32","","28.9","","","","","","","27","","","",
"Malta","MLT","Condom use, population ages 15-24, male (% of males ages 15-24)","SH.CON.1524.MA.ZS","","","","","","","","","","","","","","","","","","","","","","","","","","","","","","","","","","","","","","","","","","","","","","","","","","","","","","","","","",
"Myanmar","MMR","Condom use, population ages 15-24, male (% of males ages 15-24)","SH.CON.1524.MA.ZS","","","","","","","","","","","","","","","","","","","","","","","","","","","","","","","","","","","","","","","","","","","","","","","","","","","","","","","","","",
"Middle East & North Africa (excluding high income)","MNA","Condom use, population ages 15-24, male (% of males ages 15-24)","SH.CON.1524.MA.ZS","","","","","","","","","","","","","","","","","","","","","","","","","","","","","","","","","","","","","","","","","","","","","","","","","","","","","","","","","",
"Montenegro","MNE","Condom use, population ages 15-24, male (% of males ages 15-24)","SH.CON.1524.MA.ZS","","","","","","","","","","","","","","","","","","","","","","","","","","","","","","","","","","","","","","","","","","","","","","","","","","","","","","","","","",
"Mongolia","MNG","Condom use, population ages 15-24, male (% of males ages 15-24)","SH.CON.1524.MA.ZS","","","","","","","","","","","","","","","","","","","","","","","","","","","","","","","","","","","","","","","","","","","","","","","","","","","","","","","","","",
"Northern Mariana Islands","MNP","Condom use, population ages 15-24, male (% of males ages 15-24)","SH.CON.1524.MA.ZS","","","","","","","","","","","","","","","","","","","","","","","","","","","","","","","","","","","","","","","","","","","","","","","","","","","","","","","","","",
"Mozambique","MOZ","Condom use, population ages 15-24, male (% of males ages 15-24)","SH.CON.1524.MA.ZS","","","","","","","","","","","","","","","","","","","","","","","","","","","","","","","","","","","","","","11.4","","","","","","26.7","","","","","","31.1","","33.3","","","","","",
"Mauritania","MRT","Condom use, population ages 15-24, male (% of males ages 15-24)","SH.CON.1524.MA.ZS","","","","","","","","","","","","","","","","","","","","","","","","","","","","","","","","","","","","","","","","","","","","","","","","","","","","","","","","","",
"Mauritius","MUS","Condom use, population ages 15-24, male (% of males ages 15-24)","SH.CON.1524.MA.ZS","","","","","","","","","","","","","","","","","","","","","","","","","","","","","","","","","","","","","","","","","","","","","","","","","","","","","","","","","",
"Malawi","MWI","Condom use, population ages 15-24, male (% of males ages 15-24)","SH.CON.1524.MA.ZS","","","","","","","","","","","","","","","","","","","","","","","","","","","","","","","","","","","","","","","","","27.6","","","","31.6","","","","","","37","","","","","","",
"Malaysia","MYS","Condom use, population ages 15-24, male (% of males ages 15-24)","SH.CON.1524.MA.ZS","","","","","","","","","","","","","","","","","","","","","","","","","","","","","","","","","","","","","","","","","","","","","","","","","","","","","","","","","",
"North America","NAC","Condom use, population ages 15-24, male (% of males ages 15-24)","SH.CON.1524.MA.ZS","","","","","","","","","","","","","","","","","","","","","","","","","","","","","","","","","","","","","","","","","","","","","","","","","","","","","","","","","",
"Namibia","NAM","Condom use, population ages 15-24, male (% of males ages 15-24)","SH.CON.1524.MA.ZS","","","","","","","","","","","","","","","","","","","","","","","","","","","","","","","","","","","","","","","","","65.1","","","","","","","78","","","","","","79.2","","","",
"New Caledonia","NCL","Condom use, population ages 15-24, male (% of males ages 15-24)","SH.CON.1524.MA.ZS","","","","","","","","","","","","","","","","","","","","","","","","","","","","","","","","","","","","","","","","","","","","","","","","","","","","","","","","","",
"Niger","NER","Condom use, population ages 15-24, male (% of males ages 15-24)","SH.CON.1524.MA.ZS","","","","","","","","","","","","","","","","","","","","","","","","","","","","","","","","","","","","","","","","","","","","","","","14.4","","","","","","16.5","","","","",
"Nigeria","NGA","Condom use, population ages 15-24, male (% of males ages 15-24)","SH.CON.1524.MA.ZS","","","","","","","","","","","","","","","","","","","","","","","","","","","","","","","","","","","","","","","","32.2","","","","37.8","","","","","40.3","","","","","44.7","","","",
"Nicaragua","NIC","Condom use, population ages 15-24, male (% of males ages 15-24)","SH.CON.1524.MA.ZS","","","","","","","","","","","","","","","","","","","","","","","","","","","","","","","","","","","","","","","","","","","","","","","","","","","","","","","","","",
"Netherlands","NLD","Condom use, population ages 15-24, male (% of males ages 15-24)","SH.CON.1524.MA.ZS","","","","","","","","","","","","","","","","","","","","","","","","","","","","","","","","","","","","","","","","","","","","","","","","","","","","","","","","","",
"Norway","NOR","Condom use, population ages 15-24, male (% of males ages 15-24)","SH.CON.1524.MA.ZS","","","","","","","","","","","","","","","","","","","","","","","","","","","","","","","","","","","","","","","","","","","","","","","","","","","","","","","","","",
"Nepal","NPL","Condom use, population ages 15-24, male (% of males ages 15-24)","SH.CON.1524.MA.ZS","","","","","","","","","","","","","","","","","","","","","","","","","","","","","","","","","","","","","","","","","","13.4","","","","","23.9","","","","","36","","","","","",
"Nauru","NRU","Condom use, population ages 15-24, male (% of males ages 15-24)","SH.CON.1524.MA.ZS","","","","","","","","","","","","","","","","","","","","","","","","","","","","","","","","","","","","","","","","","","","","","","","","","","","","","","","","","",
"New Zealand","NZL","Condom use, population ages 15-24, male (% of males ages 15-24)","SH.CON.1524.MA.ZS","","","","","","","","","","","","","","","","","","","","","","","","","","","","","","","","","","","","","","","","","","","","","","","","","","","","","","","","","",
"OECD members","OED","Condom use, population ages 15-24, male (% of males ages 15-24)","SH.CON.1524.MA.ZS","","","","","","","","","","","","","","","","","","","","","","","","","","","","","","","","","","","","","","","","","","","","","","","","","","","","","","","","","",
"Oman","OMN","Condom use, population ages 15-24, male (% of males ages 15-24)","SH.CON.1524.MA.ZS","","","","","","","","","","","","","","","","","","","","","","","","","","","","","","","","","","","","","","","","","","","","","","","","","","","","","","","","","",
"Other small states","OSS","Condom use, population ages 15-24, male (% of males ages 15-24)","SH.CON.1524.MA.ZS","","","","","","","","","","","","","","","","","","","","","","","","","","","","","","","","","","","","","","","","","","","","","","","","","","","","","","","","","",
"Pakistan","PAK","Condom use, population ages 15-24, male (% of males ages 15-24)","SH.CON.1524.MA.ZS","","","","","","","","","","","","","","","","","","","","","","","","","","","","","","","","","","","","","","","","","","","","","","","","","","","","","","","","","",
"Panama","PAN","Condom use, population ages 15-24, male (% of males ages 15-24)","SH.CON.1524.MA.ZS","","","","","","","","","","","","","","","","","","","","","","","","","","","","","","","","","","","","","","","","","","","","","","","","","","","","","","","","","",
"Peru","PER","Condom use, population ages 15-24, male (% of males ages 15-24)","SH.CON.1524.MA.ZS","","","","","","","","","","","","","","","","","","","","","","","","","","","","","","","","","","","","","","","","","","","","","","","","","","","","","","","","","",
"Philippines","PHL","Condom use, population ages 15-24, male (% of males ages 15-24)","SH.CON.1524.MA.ZS","","","","","","","","","","","","","","","","","","","","","","","","","","","","","","","","","","","","","","","","","","13","","13.5","","","","","","","","","","","","","",
"Palau","PLW","Condom use, population ages 15-24, male (% of males ages 15-24)","SH.CON.1524.MA.ZS","","","","","","","","","","","","","","","","","","","","","","","","","","","","","","","","","","","","","","","","","","","","","","","","","","","","","","","","","",
"Papua New Guinea","PNG","Condom use, population ages 15-24, male (% of males ages 15-24)","SH.CON.1524.MA.ZS","","","","","","","","","","","","","","","","","","","","","","","","","","","","","","","","","","","","","","","","","","","","","","","","","","","","","","","","","",
"Poland","POL","Condom use, population ages 15-24, male (% of males ages 15-24)","SH.CON.1524.MA.ZS","","","","","","","","","","","","","","","","","","","","","","","","","","","","","","","","","","","","","","","","","","","","","","","","","","","","","","","","","",
"Pre-demographic dividend","PRE","Condom use, population ages 15-24, male (% of males ages 15-24)","SH.CON.1524.MA.ZS","","","","","","","","","","","","","","","","","","","","","","","","","","","","","","","","","","","","","","","","","","","","","","","","","","","","","41.0459101722655","","","","",
"Puerto Rico","PRI","Condom use, population ages 15-24, male (% of males ages 15-24)","SH.CON.1524.MA.ZS","","","","","","","","","","","","","","","","","","","","","","","","","","","","","","","","","","","","","","","","","","","","","","","","","","","","","","","","","",
"Korea, Dem. People’s Rep.","PRK","Condom use, population ages 15-24, male (% of males ages 15-24)","SH.CON.1524.MA.ZS","","","","","","","","","","","","","","","","","","","","","","","","","","","","","","","","","","","","","","","","","","","","","","","","","","","","","","","","","",
"Portugal","PRT","Condom use, population ages 15-24, male (% of males ages 15-24)","SH.CON.1524.MA.ZS","","","","","","","","","","","","","","","","","","","","","","","","","","","","","","","","","","","","","","","","","","","","","","","","","","","","","","","","","",
"Paraguay","PRY","Condom use, population ages 15-24, male (% of males ages 15-24)","SH.CON.1524.MA.ZS","","","","","","","","","","","","","","","","","","","","","","","","","","","","","","","","","","","","","","","","","","","","","","","","","","","","","","","","","",
"West Bank and Gaza","PSE","Condom use, population ages 15-24, male (% of males ages 15-24)","SH.CON.1524.MA.ZS","","","","","","","","","","","","","","","","","","","","","","","","","","","","","","","","","","","","","","","","","","","","","","","","","","","","","","","","","",
"Pacific island small states","PSS","Condom use, population ages 15-24, male (% of males ages 15-24)","SH.CON.1524.MA.ZS","","","","","","","","","","","","","","","","","","","","","","","","","","","","","","","","","","","","","","","","","","","","","","","","","","","","","","","","","",
"Post-demographic dividend","PST","Condom use, population ages 15-24, male (% of males ages 15-24)","SH.CON.1524.MA.ZS","","","","","","","","","","","","","","","","","","","","","","","","","","","","","","","","","","","","","","","","","","","","","","","","","","","","","","","","","",
"French Polynesia","PYF","Condom use, population ages 15-24, male (% of males ages 15-24)","SH.CON.1524.MA.ZS","","","","","","","","","","","","","","","","","","","","","","","","","","","","","","","","","","","","","","","","","","","","","","","","","","","","","","","","","",
"Qatar","QAT","Condom use, population ages 15-24, male (% of males ages 15-24)","SH.CON.1524.MA.ZS","","","","","","","","","","","","","","","","","","","","","","","","","","","","","","","","","","","","","","","","","","","","","","","","","","","","","","","","","",
"Romania","ROU","Condom use, population ages 15-24, male (% of males ages 15-24)","SH.CON.1524.MA.ZS","","","","","","","","","","","","","","","","","","","","","","","","","","","","","","","","","","","","","","","","","","","","","","","","","","","","","","","","","",
"Russian Federation","RUS","Condom use, population ages 15-24, male (% of males ages 15-24)","SH.CON.1524.MA.ZS","","","","","","","","","","","","","","","","","","","","","","","","","","","","","","","","","","","","","","","","","","","","","","","","","","","","","","","","","",
"Rwanda","RWA","Condom use, population ages 15-24, male (% of males ages 15-24)","SH.CON.1524.MA.ZS","","","","","","","","","","","","","","","","","","","","","","","","","","","","","","","","","","","","","","","","","24","","","19","","18.5","","","","","37.2","","","","","","",
"South Asia","SAS","Condom use, population ages 15-24, male (% of males ages 15-24)","SH.CON.1524.MA.ZS","","","","","","","","","","","","","","","","","","","","","","","","","","","","","","","","","","","","","","","","","","","","","","","","","","","","","","","","","",
"Saudi Arabia","SAU","Condom use, population ages 15-24, male (% of males ages 15-24)","SH.CON.1524.MA.ZS","","","","","","","","","","","","","","","","","","","","","","","","","","","","","","","","","","","","","","","","","","","","","","","","","","","","","","","","","",
"Sudan","SDN","Condom use, population ages 15-24, male (% of males ages 15-24)","SH.CON.1524.MA.ZS","","","","","","","","","","","","","","","","","","","","","","","","","","","","","","","","","","","","","","","","","","","","","","","","","","","","","","","","","",
"Senegal","SEN","Condom use, population ages 15-24, male (% of males ages 15-24)","SH.CON.1524.MA.ZS","","","","","","","","","","","","","","","","","","","","","","","","","","","","","","","","","","","","","","","","","","","","","","47.6","","","","","","56.6","","","","","",
"Singapore","SGP","Condom use, population ages 15-24, male (% of males ages 15-24)","SH.CON.1524.MA.ZS","","","","","","","","","","","","","","","","","","","","","","","","","","","","","","","","","","","","","","","","","","","","","","","","","","","","","","","","","",
"Solomon Islands","SLB","Condom use, population ages 15-24, male (% of males ages 15-24)","SH.CON.1524.MA.ZS","","","","","","","","","","","","","","","","","","","","","","","","","","","","","","","","","","","","","","","","","","","","","","","","","","","","","","","","","",
"Sierra Leone","SLE","Condom use, population ages 15-24, male (% of males ages 15-24)","SH.CON.1524.MA.ZS","","","","","","","","","","","","","","","","","","","","","","","","","","","","","","","","","","","","","","","","","","","","","","","","","18.2","","","","","15.4","","","",
"El Salvador","SLV","Condom use, population ages 15-24, male (% of males ages 15-24)","SH.CON.1524.MA.ZS","","","","","","","","","","","","","","","","","","","","","","","","","","","","","","","","","","","","","","","","","","","","","","","","","","","","","","","","","",
"San Marino","SMR","Condom use, population ages 15-24, male (% of males ages 15-24)","SH.CON.1524.MA.ZS","","","","","","","","","","","","","","","","","","","","","","","","","","","","","","","","","","","","","","","","","","","","","","","","","","","","","","","","","",
"Somalia","SOM","Condom use, population ages 15-24, male (% of males ages 15-24)","SH.CON.1524.MA.ZS","","","","","","","","","","","","","","","","","","","","","","","","","","","","","","","","","","","","","","","","","","","","","","","","","","","","","","","","","",
"Serbia","SRB","Condom use, population ages 15-24, male (% of males ages 15-24)","SH.CON.1524.MA.ZS","","","","","","","","","","","","","","","","","","","","","","","","","","","","","","","","","","","","","","","","","","","","","","","","","","","","","","","","","",
"Sub-Saharan Africa (excluding high income)","SSA","Condom use, population ages 15-24, male (% of males ages 15-24)","SH.CON.1524.MA.ZS","","","","","","","","","","","","","","","","","","","","","","","","","","","","","","","","","","","","","","","","","","","","","","","","","","","","","39.7119452798059","","","","",
"South Sudan","SSD","Condom use, population ages 15-24, male (% of males ages 15-24)","SH.CON.1524.MA.ZS","","","","","","","","","","","","","","","","","","","","","","","","","","","","","","","","","","","","","","","","","","","","","","","","","","","","","","","","","",
"Sub-Saharan Africa","SSF","Condom use, population ages 15-24, male (% of males ages 15-24)","SH.CON.1524.MA.ZS","","","","","","","","","","","","","","","","","","","","","","","","","","","","","","","","","","","","","","","","","","","","","","","","","","","","","39.7119452798059","","","","",
"Small states","SST","Condom use, population ages 15-24, male (% of males ages 15-24)","SH.CON.1524.MA.ZS","","","","","","","","","","","","","","","","","","","","","","","","","","","","","","","","","","","","","","","","","","","","","","","","","","","","","","","","","",
"Sao Tome and Principe","STP","Condom use, population ages 15-24, male (% of males ages 15-24)","SH.CON.1524.MA.ZS","","","","","","","","","","","","","","","","","","","","","","","","","","","","","","","","","","","","","","","","","","","","","","","","","","55.2","","","","","","","",
"Suriname","SUR","Condom use, population ages 15-24, male (% of males ages 15-24)","SH.CON.1524.MA.ZS","","","","","","","","","","","","","","","","","","","","","","","","","","","","","","","","","","","","","","","","","","","","","","","","","","","","","","","","","",
"Slovak Republic","SVK","Condom use, population ages 15-24, male (% of males ages 15-24)","SH.CON.1524.MA.ZS","","","","","","","","","","","","","","","","","","","","","","","","","","","","","","","","","","","","","","","","","","","","","","","","","","","","","","","","","",
"Slovenia","SVN","Condom use, population ages 15-24, male (% of males ages 15-24)","SH.CON.1524.MA.ZS","","","","","","","","","","","","","","","","","","","","","","","","","","","","","","","","","","","","","","","","","","","","","","","","","","","","","","","","","",
"Sweden","SWE","Condom use, population ages 15-24, male (% of males ages 15-24)","SH.CON.1524.MA.ZS","","","","","","","","","","","","","","","","","","","","","","","","","","","","","","","","","","","","","","","","","","","","","","","","","","","","","","","","","",
"Swaziland","SWZ","Condom use, population ages 15-24, male (% of males ages 15-24)","SH.CON.1524.MA.ZS","","","","","","","","","","","","","","","","","","","","","","","","","","","","","","","","","","","","","","","","","","","","","","","","66","","","","","","","","","",
"Sint Maarten (Dutch part)","SXM","Condom use, population ages 15-24, male (% of males ages 15-24)","SH.CON.1524.MA.ZS","","","","","","","","","","","","","","","","","","","","","","","","","","","","","","","","","","","","","","","","","","","","","","","","","","","","","","","","","",
"Seychelles","SYC","Condom use, population ages 15-24, male (% of males ages 15-24)","SH.CON.1524.MA.ZS","","","","","","","","","","","","","","","","","","","","","","","","","","","","","","","","","","","","","","","","","","","","","","","","","","","","","","","","","",
"Syrian Arab Republic","SYR","Condom use, population ages 15-24, male (% of males ages 15-24)","SH.CON.1524.MA.ZS","","","","","","","","","","","","","","","","","","","","","","","","","","","","","","","","","","","","","","","","","","","","","","","","","","","","","","","","","",
"Turks and Caicos Islands","TCA","Condom use, population ages 15-24, male (% of males ages 15-24)","SH.CON.1524.MA.ZS","","","","","","","","","","","","","","","","","","","","","","","","","","","","","","","","","","","","","","","","","","","","","","","","","","","","","","","","","",
"Chad","TCD","Condom use, population ages 15-24, male (% of males ages 15-24)","SH.CON.1524.MA.ZS","","","","","","","","","","","","","","","","","","","","","","","","","","","","","","","","","","","","","","","","","","","","","18.4","","","","","","","","","","","","",
"East Asia & Pacific (IDA & IBRD countries)","TEA","Condom use, population ages 15-24, male (% of males ages 15-24)","SH.CON.1524.MA.ZS","","","","","","","","","","","","","","","","","","","","","","","","","","","","","","","","","","","","","","","","","","","","","","","","","","","","","","","","","",
"Europe & Central Asia (IDA & IBRD countries)","TEC","Condom use, population ages 15-24, male (% of males ages 15-24)","SH.CON.1524.MA.ZS","","","","","","","","","","","","","","","","","","","","","","","","","","","","","","","","","","","","","","","","","","","","","","","","","","","","","","","","","",
"Togo","TGO","Condom use, population ages 15-24, male (% of males ages 15-24)","SH.CON.1524.MA.ZS","","","","","","","","","","","","","","","","","","","","","","","","","","","","","","","","","","","","","","","37.3","","","","","","","","","","","","","","","","54","","",
"Thailand","THA","Condom use, population ages 15-24, male (% of males ages 15-24)","SH.CON.1524.MA.ZS","","","","","","","","","","","","","","","","","","","","","","","","","","","","","","","","","","","","","","","","","","","","","","","","","","","","","","","","","",
"Tajikistan","TJK","Condom use, population ages 15-24, male (% of males ages 15-24)","SH.CON.1524.MA.ZS","","","","","","","","","","","","","","","","","","","","","","","","","","","","","","","","","","","","","","","","","","","","","","","","","","","","","","","","","",
"Turkmenistan","TKM","Condom use, population ages 15-24, male (% of males ages 15-24)","SH.CON.1524.MA.ZS","","","","","","","","","","","","","","","","","","","","","","","","","","","","","","","","","","","","","","","","","","","","","","","","","","","","","","","","","",
"Latin America & the Caribbean (IDA & IBRD countries)","TLA","Condom use, population ages 15-24, male (% of males ages 15-24)","SH.CON.1524.MA.ZS","","","","","","","","","","","","","","","","","","","","","","","","","","","","","","","","","","","","","","","","","","","","","","","","","","","","","","","","","",
"Timor-Leste","TLS","Condom use, population ages 15-24, male (% of males ages 15-24)","SH.CON.1524.MA.ZS","","","","","","","","","","","","","","","","","","","","","","","","","","","","","","","","","","","","","","","","","","","","","","","","","","","8.3","","","","","","",
"Middle East & North Africa (IDA & IBRD countries)","TMN","Condom use, population ages 15-24, male (% of males ages 15-24)","SH.CON.1524.MA.ZS","","","","","","","","","","","","","","","","","","","","","","","","","","","","","","","","","","","","","","","","","","","","","","","","","","","","","","","","","",
"Tonga","TON","Condom use, population ages 15-24, male (% of males ages 15-24)","SH.CON.1524.MA.ZS","","","","","","","","","","","","","","","","","","","","","","","","","","","","","","","","","","","","","","","","","","","","","","","","","","","","","","","","","",
"South Asia (IDA & IBRD)","TSA","Condom use, population ages 15-24, male (% of males ages 15-24)","SH.CON.1524.MA.ZS","","","","","","","","","","","","","","","","","","","","","","","","","","","","","","","","","","","","","","","","","","","","","","","","","","","","","","","","","",
"Sub-Saharan Africa (IDA & IBRD countries)","TSS","Condom use, population ages 15-24, male (% of males ages 15-24)","SH.CON.1524.MA.ZS","","","","","","","","","","","","","","","","","","","","","","","","","","","","","","","","","","","","","","","","","","","","","","","","","","","","","39.7119452798059","","","","",
"Trinidad and Tobago","TTO","Condom use, population ages 15-24, male (% of males ages 15-24)","SH.CON.1524.MA.ZS","","","","","","","","","","","","","","","","","","","","","","","","","","","","","","","","","","","","","","","","","","","","","","","","","","","","","","","","","",
"Tunisia","TUN","Condom use, population ages 15-24, male (% of males ages 15-24)","SH.CON.1524.MA.ZS","","","","","","","","","","","","","","","","","","","","","","","","","","","","","","","","","","","","","","","","","","","","","","","","","","","","","","","","","",
"Turkey","TUR","Condom use, population ages 15-24, male (% of males ages 15-24)","SH.CON.1524.MA.ZS","","","","","","","","","","","","","","","","","","","","","","","","","","","","","","","","","","","","","","","","","","","","","","","","","","","","","","","","","",
"Tuvalu","TUV","Condom use, population ages 15-24, male (% of males ages 15-24)","SH.CON.1524.MA.ZS","","","","","","","","","","","","","","","","","","","","","","","","","","","","","","","","","","","","","","","","","","","","","","","","","","","","","","","","","",
"Tanzania","TZA","Condom use, population ages 15-24, male (% of males ages 15-24)","SH.CON.1524.MA.ZS","","","","","","","","","","","","","","","","","","","","","","","","","","","","","","","","","","","","","21.8","","","26.3","","","","","36.6","36.1","","","39.2","","41.8","","46","","","","",
"Uganda","UGA","Condom use, population ages 15-24, male (% of males ages 15-24)","SH.CON.1524.MA.ZS","","","","","","","","","","","","","","","","","","","","","","","","","","","","","","","","","","","","23.2","","","","","","34.7","","","","38.1","36.2","","","","","44.7","","","","","",
"Ukraine","UKR","Condom use, population ages 15-24, male (% of males ages 15-24)","SH.CON.1524.MA.ZS","","","","","","","","","","","","","","","","","","","","","","","","","","","","","","","","","","","","","","","","","","","","","","","","64.3","","","","","","","","","",
"Upper middle income","UMC","Condom use, population ages 15-24, male (% of males ages 15-24)","SH.CON.1524.MA.ZS","","","","","","","","","","","","","","","","","","","","","","","","","","","","","","","","","","","","","","","","","","","","","","","","","","","","","","","","","",
"Uruguay","URY","Condom use, population ages 15-24, male (% of males ages 15-24)","SH.CON.1524.MA.ZS","","","","","","","","","","","","","","","","","","","","","","","","","","","","","","","","","","","","","","","","","","","","","","","","","","","","","","","","","",
"United States","USA","Condom use, population ages 15-24, male (% of males ages 15-24)","SH.CON.1524.MA.ZS","","","","","","","","","","","","","","","","","","","","","","","","","","","","","","","","","","","","","","","","","","","","","","","","","","","","","","","","","",
"Uzbekistan","UZB","Condom use, population ages 15-24, male (% of males ages 15-24)","SH.CON.1524.MA.ZS","","","","","","","","","","","","","","","","","","","","","","","","","","","","","","","","","","","","","","","","","","","18","","","","","","","","","","","","","","",
"St. Vincent and the Grenadines","VCT","Condom use, population ages 15-24, male (% of males ages 15-24)","SH.CON.1524.MA.ZS","","","","","","","","","","","","","","","","","","","","","","","","","","","","","","","","","","","","","","","","","","","","","","","","","","","","","","","","","",
"Venezuela, RB","VEN","Condom use, population ages 15-24, male (% of males ages 15-24)","SH.CON.1524.MA.ZS","","","","","","","","","","","","","","","","","","","","","","","","","","","","","","","","","","","","","","","","","","","","","","","","","","","","","","","","","",
"British Virgin Islands","VGB","Condom use, population ages 15-24, male (% of males ages 15-24)","SH.CON.1524.MA.ZS","","","","","","","","","","","","","","","","","","","","","","","","","","","","","","","","","","","","","","","","","","","","","","","","","","","","","","","","","",
"Virgin Islands (U.S.)","VIR","Condom use, population ages 15-24, male (% of males ages 15-24)","SH.CON.1524.MA.ZS","","","","","","","","","","","","","","","","","","","","","","","","","","","","","","","","","","","","","","","","","","","","","","","","","","","","","","","","","",
"Vietnam","VNM","Condom use, population ages 15-24, male (% of males ages 15-24)","SH.CON.1524.MA.ZS","","","","","","","","","","","","","","","","","","","","","","","","","","","","","","","","","","","","","","","","","","","","","","16.4","","","","","","","","","","","",
"Vanuatu","VUT","Condom use, population ages 15-24, male (% of males ages 15-24)","SH.CON.1524.MA.ZS","","","","","","","","","","","","","","","","","","","","","","","","","","","","","","","","","","","","","","","","","","","","","","","","","","","","","","","","","",
"World","WLD","Condom use, population ages 15-24, male (% of males ages 15-24)","SH.CON.1524.MA.ZS","","","","","","","","","","","","","","","","","","","","","","","","","","","","","","","","","","","","","","","","","","","","","","","","","","","","","","","","","",
"Samoa","WSM","Condom use, population ages 15-24, male (% of males ages 15-24)","SH.CON.1524.MA.ZS","","","","","","","","","","","","","","","","","","","","","","","","","","","","","","","","","","","","","","","","","","","","","","","","","","","","","","","","","",
"Kosovo","XKX","Condom use, population ages 15-24, male (% of males ages 15-24)","SH.CON.1524.MA.ZS","","","","","","","","","","","","","","","","","","","","","","","","","","","","","","","","","","","","","","","","","","","","","","","","","","","","","","","","","",
"Yemen, Rep.","YEM","Condom use, population ages 15-24, male (% of males ages 15-24)","SH.CON.1524.MA.ZS","","","","","","","","","","","","","","","","","","","","","","","","","","","","","","","","","","","","","","","","","","","","","","","","","","","","","","","","","",
"South Africa","ZAF","Condom use, population ages 15-24, male (% of males ages 15-24)","SH.CON.1524.MA.ZS","","","","","","","","","","","","","","","","","","","","","","","","","","","","","","","","","","","","","","","","","","","57.1","","","","","","","","","","","","","","",
"Zambia","ZMB","Condom use, population ages 15-24, male (% of males ages 15-24)","SH.CON.1524.MA.ZS","","","","","","","","","","","","","","","","","","","","","","","","","","","","","","","","","","","","","33.9","","","","","","35.9","","","","","38.8","","","","","","","42.1","","",
"Zimbabwe","ZWE","Condom use, population ages 15-24, male (% of males ages 15-24)","SH.CON.1524.MA.ZS","","","","","","","","","","","","","","","","","","","","","","","","","","","","","","","","","","","48.5","","","","","55.7","","","","","","","51.6","","","","","51.8","","","64.6","","",
